id,image_url
306653683,
306649142,
306628547,
306608984,
306550403,
306544691,
306541093,
306521714,
306521712,
306401356,
306383362,
306380868,
306380039,
306380035,
306378767,
306378760,
306378563,
306358005,
306339197,
306327677,
306322187,
306318963,
306308559,
306292308,
306291846,
306165807,
306161491,
306159214,
306148138,
306141700,
306134104,
306128404,
306128180,
306093830,
306079161,
306037611,
306018477,
305952350,
305914180,
305911653,
305905673,
305900250,
305897543,
305896902,
305888020,
305878056,
305875632,
305875285,
305852481,
305849001,
305847539,
305829528,
305828096,
305822197,
305813685,
305706754,
305694013,
305681357,
305648481,
305648097,
305631855,
305609773,
305584593,
305462910,
305404934,
305378139,
305376823,
305376000,
305359978,
305345899,
305345019,
305260301,
305230550,
305216015,
305143313,
305134782,
305126220,
305108382,
305091058,
305076463,
305071255,
305044408,
304939639,
304913143,
304898812,
304898799,
304876798,
304842247,
304837203,
304823997,
304823992,
304769356,
304749927,
304746442,
304645770,
304639325,
304638917,
304638152,
304620273,
304604948,
304602141,
304601468,
304594797,
304581946,
304420689,
304398534,
304377511,
304377510,
304360230,
304356884,
304335523,
304322813,
304314173,
304276595,
304195321,
304150651,
304145064,
304143026,
304138261,
304128335,
304110509,
304109059,
304107080,
304046244,
304031152,
303904380,
303886815,
303886813,
303876925,
303855431,
303850001,
303849736,
303849026,
303797821,
303776622,
303767739,
303763655,
303695573,
303617013,
303590096,
303574065,
303569988,
303559789,
303549570,
303517812,
303504279,
303368675,
303352400,
303334173,
303331117,
303312123,
303287242,
303275965,
303258363,
303238935,
303237363,
303231951,
303231503,
303189043,
303188540,
303146685,
303051755,
303047199,
303041628,
303032932,
303029431,
303024331,
303016229,
303016082,
302993124,
302991958,
302987484,
302965236,
302925241,
302920821,
302912694,
302891241,
302842186,
302829010,
302800828,
302799878,
302798238,
302792923,
302780746,
302758109,
302752334,
302746694,
302746644,
302743070,
302742768,
302729774,
302720813,
302716146,
302710505,
302704941,
302663900,
302619753,
302582681,
302560301,
302535987,
302487333,
302487064,
302485341,
302484876,
302481675,
302462645,
302456738,
302453392,
302436744,
302411075,
302368937,
302286151,
302265486,
302240675,
302238197,
302237481,
302232193,
302225206,
302223733,
302210350,
302122329,
302119574,
302031423,
302019617,
302010226,
302009097,
301967696,
301942690,
301922927,
301781376,
301747078,
301742261,
301732374,
301722190,
301721407,
301718312,
301717429,
301714422,
301713546,
301712072,
301710462,
301709312,
301709135,
301709073,
301681881,
301680718,
301679858,
301679241,
301677632,
301675706,
301674877,
301670634,
301668372,
301662859,
301659155,
301657903,
301652501,
301652141,
301647400,
301642772,
301598138,
301456274,
301456243,
301405170,
301400175,
301384119,
301370127,
301363562,
301362313,
301305189,
301297393,
301295730,
301280835,
301205861,
301120079,
301089553,
301075698,
301069986,
301068921,
301065834,
301057520,
301056274,
301047219,
301024332,
301001287,
300998681,
300991662,
300987472,
300975021,
300975012,
300975008,
300963858,
300841939,
300839535,
300838001,
300837568,
300824214,
300823584,
300821220,
300819965,
300815875,
300806794,
300787421,
300776452,
300771914,
300761589,
300743053,
300595446,
300589405,
300576440,
300573193,
300568429,
300554966,
300554908,
300550985,
300537328,
300537262,
300536689,
300527302,
300500270,
300466661,
300459878,
300441837,
300441826,
300320530,
300309691,
300307901,
300294682,
300288602,
300287242,
300275613,
300266185,
300266176,
300266112,
300262611,
300261346,
300232504,
300215148,
300185190,
300047651,
300047624,
300044246,
300041259,
300005270,
299985370,
299982611,
299982561,
299982475,
299962517,
299961626,
299956356,
299956327,
299956324,
299956318,
299956317,
299941653,
299941492,
299917672,
299909729,
299888430,
299886806,
299835687,
299821157,
299759180,
299739135,
299664108,
299662823,
299650975,
299639956,
299637458,
299574699,
299572229,
299560179,
299423478,
299393154,
299387744,
299349919,
299341638,
299322074,
299318439,
299318421,
299311786,
299304406,
299295686,
299292967,
299109996,
299103951,
299096313,
299090917,
299090892,
299089666,
299068929,
299054458,
299048541,
299045495,
299039794,
299034828,
298997106,
298985854,
298983442,
298968723,
298967497,
298950687,
298941317,
298937916,
298882124,
298854709,
298854707,
298854703,
298849416,
298827987,
298827873,
298825129,
298823401,
298819878,
298813529,
298811161,
298809033,
298806775,
298804278,
298798411,
298792385,
298781010,
298745736,
298737445,
298726152,
298721118,
298719131,
298719116,
298690617,
298678113,
298672151,
298663931,
298602176,
298597190,
298597179,
298597176,
298582237,
298573470,
298552269,
298549003,
298547783,
298538051,
298537098,
298533676,
298485470,
298484999,
298484840,
298476032,
298470585,
298415533,
298413118,
298338133,
298321363,
298321320,
298320756,
298320274,
298317082,
298316694,
298311933,
298306641,
298305150,
298300044,
298296771,
298294716,
298274965,
298272250,
298257639,
298241299,
298240978,
298238209,
298230835,
298227817,
298211260,
298157800,
298073270,
298068907,
298059857,
298057839,
298049205,
298034968,
298034603,
298034411,
298028469,
297806313,
297806300,
297781065,
297767689,
297765116,
297752656,
297729769,
297729157,
297693674,
297685492,
297684872,
297671499,
297669063,
297667219,
297658128,
297651809,
297649036,
297647850,
297647590,
297503831,
297501957,
297482433,
297475981,
297467946,
297459254,
297456702,
297448396,
297440039,
297432266,
297422162,
297418431,
297415020,
297405640,
297403295,
297385695,
297368878,
297328406,
297311094,
297159671,
297159071,
297154117,
297152001,
297138879,
297138824,
297124903,
297114944,
297113384,
296962733,
296960326,
296948935,
296906541,
296905520,
296901569,
296899141,
296889214,
296882164,
296872259,
296860385,
296860316,
296835680,
296834097,
296820440,
296819318,
296813434,
296644959,
296631019,
296630525,
296630423,
296627060,
296603324,
296594967,
296592308,
296591454,
296585091,
296417169,
296382505,
296381325,
296380131,
296329755,
296327755,
296316520,
296312095,
296298355,
296293367,
296180378,
296180185,
296180021,
296169289,
296158920,
296157437,
296157122,
296138214,
296124319,
296122404,
296107063,
296083735,
296065395,
296043292,
296043274,
296043249,
296043239,
296035356,
296029124,
295917064,
295878921,
295878343,
295876725,
295875084,
295857902,
295848795,
295844081,
295843304,
295814989,
295807754,
295795976,
295772805,
295767814,
295705323,
295563944,
295544877,
295536930,
295532210,
295530461,
295527814,
295486097,
295476666,
295404297,
295313966,
295306668,
295306424,
295306260,
295295867,
295279116,
295276407,
295274530,
295266741,
295266020,
295264713,
295262566,
295260810,
295240460,
295232913,
295219500,
295182125,
295165840,
295098275,
295043083,
295033671,
295008759,
295007997,
294995272,
294979188,
294930535,
294881752,
294762947,
294750235,
294750233,
294740489,
294697475,
294689655,
294685970,
294677423,
294611682,
294514886,
294509131,
294495123,
294480645,
294478419,
294478367,
294478135,
294469665,
294455219,
294455209,
294455208,
294413530,
294403168,
294402435,
294335070,
294315290,
294313736,
294287679,
294250730,
294241493,
294234276,
294232152,
294225656,
294215325,
294208192,
294206451,
294205111,
294202279,
294196699,
294194831,
294177651,
294176756,
294176314,
294167868,
294167463,
294167428,
294164386,
294161459,
294161457,
294161449,
294140540,
294129125,
294111508,
294098400,
294064063,
294040902,
293983836,
293977919,
293975019,
293951302,
293939203,
293937491,
293912218,
293912201,
293911206,
293901464,
293879617,
293878669,
293830123,
293820535,
293818941,
293818933,
293818891,
293818877,
293818854,
293816443,
293808610,
293799532,
293799497,
293799493,
293794644,
293792711,
293785408,
293764048,
293752933,
293744859,
293744799,
293744694,
293738970,
293616660,
293578733,
293575810,
293573433,
293571871,
293568979,
293567094,
293565856,
293565482,
293565100,
293563628,
293562899,
293562125,
293549453,
293548228,
293547871,
293547327,
293546613,
293545710,
293545090,
293544485,
293543469,
293542814,
293542212,
293541447,
293540563,
293539859,
293539607,
293539117,
293537881,
293537415,
293536652,
293535433,
293534540,
293534230,
293531237,
293526858,
293526578,
293521013,
293474037,
293428119,
293416067,
293311028,
293304674,
293303590,
293297947,
293297378,
293296430,
293291223,
293265875,
293261670,
293258337,
293256908,
293252689,
293235060,
293225158,
293223588,
293207830,
293150152,
293120742,
293119825,
293051645,
293051249,
293049137,
293048271,
293048094,
293047923,
293047762,
293046934,
293045903,
293045362,
293045203,
293044426,
293036861,
293034676,
293029963,
293026506,
293010705,
293002275,
292986109,
292980636,
292965062,
292961373,
292956264,
292948932,
292938961,
292914561,
292913780,
292809362,
292804843,
292801380,
292801097,
292800390,
292794115,
292793703,
292793679,
292793400,
292793269,
292792469,
292792069,
292791299,
292790914,
292790472,
292790102,
292782446,
292782443,
292764684,
292763220,
292752650,
292750117,
292743378,
292734329,
292731951,
292725502,
292724211,
292709100,
292666781,
292666593,
292655897,
292652586,
292647696,
292618083,
292560986,
292552359,
292550570,
292547375,
292547365,
292547351,
292547350,
292547338,
292547335,
292547314,
292547313,
292547296,
292547294,
292547286,
292545754,
292543005,
292542611,
292541874,
292541600,
292539121,
292537593,
292510511,
292507663,
292498510,
292498500,
292491514,
292489722,
292489421,
292488934,
292470510,
292463374,
292460417,
292450283,
292448894,
292428772,
292413864,
292389063,
292383632,
292310715,
292272857,
292272837,
292259554,
292244540,
292241192,
292238947,
292238728,
292236959,
292235089,
292234227,
292222402,
292221211,
292216870,
292200999,
292189416,
292182651,
292182606,
292176656,
292145188,
292141634,
292136341,
292095042,
292094977,
292012145,
292007681,
292004292,
292001887,
292000197,
292000190,
291998476,
291991323,
291987812,
291980133,
291977409,
291968862,
291957895,
291952224,
291947517,
291947091,
291946752,
291946396,
291945958,
291945956,
291945954,
291944526,
291940838,
291938937,
291938464,
291934613,
291934117,
291933667,
291933528,
291933137,
291932732,
291932156,
291929843,
291927463,
291914678,
291906601,
291905872,
291882250,
291882212,
291863242,
291854802,
291834697,
291825171,
291811237,
291798041,
291794264,
291725409,
291699092,
291680300,
291680184,
291679084,
291677881,
291673542,
291672526,
291670167,
291667156,
291666597,
291665721,
291665552,
291663721,
291652528,
291639373,
291638283,
291638254,
291637843,
291637468,
291637130,
291636277,
291631631,
291630834,
291620628,
291620558,
291620531,
291620351,
291613801,
291612281,
291612152,
291608636,
291608160,
291604824,
291604547,
291604007,
291603453,
291600855,
291596566,
291595482,
291581117,
291543481,
291537082,
291519550,
291514121,
291498201,
291496142,
291491928,
291394539,
291390477,
291387818,
291378111,
291378102,
291378059,
291377429,
291377112,
291376475,
291375670,
291375467,
291375456,
291375455,
291375447,
291375444,
291375414,
291372822,
291372166,
291370838,
291365794,
291364302,
291357223,
291356682,
291356224,
291355891,
291355531,
291352390,
291351941,
291351631,
291351281,
291346483,
291343627,
291343257,
291341840,
291341755,
291341291,
291338371,
291336831,
291331300,
291326575,
291318975,
291318313,
291308501,
291307022,
291306086,
291303978,
291302781,
291302108,
291284053,
291280829,
291262102,
291259234,
291252823,
291249197,
291249139,
291223296,
291213700,
291212068,
291132112,
291120659,
291120084,
291120082,
291120075,
291113552,
291112472,
291112377,
291110997,
291106321,
291106102,
291105490,
291100664,
291096703,
291096697,
291096694,
291096688,
291063871,
291058402,
291057921,
291008460,
290985492,
290978564,
290977762,
290968480,
290960882,
290950535,
290950504,
290901022,
290865497,
290854605,
290854250,
290853561,
290851261,
290850564,
290850343,
290849341,
290848222,
290837799,
290830834,
290829889,
290829657,
290828299,
290828246,
290825678,
290823810,
290820539,
290820326,
290820215,
290819927,
290817356,
290813560,
290813435,
290812939,
290812295,
290800987,
290798362,
290797629,
290797627,
290797614,
290793003,
290792997,
290789802,
290774150,
290771918,
290768210,
290759846,
290755607,
290741922,
290723773,
290666055,
290591132,
290585729,
290582768,
290568707,
290561567,
290556455,
290556448,
290555532,
290552747,
290552725,
290552712,
290552699,
290545732,
290544195,
290529225,
290526930,
290522350,
290517330,
290508003,
290493845,
290492831,
290461200,
290457775,
290451814,
290426478,
290425257,
290395709,
290334212,
290322805,
290319281,
290313533,
290312089,
290311161,
290309782,
290307535,
290307099,
290306493,
290297488,
290282016,
290280595,
290280575,
290280015,
290279505,
290277908,
290277858,
290277142,
290275198,
290273192,
290270283,
290268628,
290267164,
290257009,
290246440,
290239548,
290230099,
290226932,
290186973,
290162256,
290161749,
290135550,
290102809,
290102807,
290059678,
290048467,
290048466,
290048446,
290042027,
290041635,
290040707,
290040469,
290040235,
290039577,
290039472,
290039072,
290038667,
290037226,
290036991,
290036351,
290035906,
290034817,
290034339,
290032983,
290021285,
290018756,
290015268,
290014368,
289996438,
289990855,
289989691,
289989172,
289988657,
289987130,
289986881,
289979421,
289977628,
289974289,
289964644,
289928656,
289926370,
289917471,
289915988,
289904584,
289889845,
289819247,
289739091,
289735530,
289735045,
289734632,
289733693,
289705953,
289702917,
289699693,
289676741,
289665069,
289664224,
289656643,
289653000,
289650513,
289649182,
289645513,
289641684,
289640387,
289639015,
289638900,
289626515,
289619127,
289587656,
289576908,
289568239,
289561421,
289538994,
289468611,
289468575,
289461138,
289453279,
289448655,
289435238,
289433251,
289427296,
289394235,
289393620,
289392057,
289391796,
289389311,
289388060,
289383440,
289374412,
289372626,
289371134,
289351229,
289343509,
289321278,
289320484,
289314365,
289310320,
289310315,
289310309,
289310305,
289310303,
289284377,
289273573,
289262365,
289251573,
289200322,
289197187,
289183364,
289153382,
289148714,
289147715,
289146491,
289127283,
289123790,
289121058,
289115711,
289110657,
289032511,
289009989,
288962044,
288941345,
288934627,
288927905,
288927837,
288900620,
288898230,
288895938,
288887473,
288887337,
288887256,
288886365,
288885235,
288870602,
288869736,
288868220,
288868215,
288868146,
288863148,
288855493,
288853290,
288849729,
288849715,
288849714,
288848883,
288842433,
288837342,
288836912,
288835139,
288833887,
288818163,
288812982,
288812977,
288812973,
288808830,
288795907,
288786384,
288757947,
288673468,
288660571,
288649516,
288642728,
288637513,
288637506,
288637503,
288636195,
288631262,
288631150,
288619127,
288618968,
288606155,
288604624,
288602119,
288598389,
288588458,
288587038,
288580382,
288580272,
288562410,
288561080,
288547472,
288534298,
288514312,
288485399,
288479859,
288396102,
288394148,
288393644,
288393092,
288368064,
288367723,
288367684,
288367683,
288367658,
288367652,
288367633,
288354437,
288352268,
288351731,
288350986,
288345688,
288333546,
288331565,
288331274,
288331273,
288328154,
288328153,
288315551,
288305720,
288292104,
288280720,
288265209,
288263495,
288262569,
288261364,
288229074,
288225026,
288221809,
288204708,
288203701,
288189322,
288132014,
288129225,
288111838,
288107498,
288107057,
288106763,
288104784,
288104747,
288097261,
288095167,
288093027,
288084009,
288079627,
288076429,
288075555,
288071961,
288067724,
288057716,
288056829,
288045529,
288044418,
288044020,
288042670,
288041668,
288039588,
288038801,
288038727,
288037699,
288029457,
288020414,
287996183,
287983124,
287972158,
287970351,
287968480,
287968456,
287968451,
287968448,
287968446,
287968443,
287968438,
287968437,
287968433,
287968426,
287968425,
287968349,
287968335,
287959143,
287959123,
287959118,
287959095,
287959094,
287959081,
287959057,
287959052,
287955806,
287954336,
287938541,
287909549,
287905056,
287904938,
287904187,
287895822,
287875302,
287785602,
287774316,
287773393,
287769817,
287766380,
287763456,
287761667,
287755970,
287755414,
287748540,
287737102,
287736233,
287734130,
287734129,
287734128,
287734096,
287731475,
287731157,
287728903,
287726038,
287725915,
287724891,
287720843,
287719470,
287717659,
287713680,
287702916,
287700696,
287697943,
287682161,
287679671,
287679577,
287675721,
287659819,
287657110,
287647255,
287644160,
287641294,
287633933,
287614928,
287612397,
287602323,
287595443,
287593092,
287587406,
287555718,
287513342,
287491694,
287489986,
287489612,
287485098,
287485095,
287485071,
287485068,
287485065,
287485062,
287485054,
287485053,
287485050,
287485044,
287485039,
287483523,
287482416,
287479025,
287478291,
287470474,
287463869,
287462727,
287461597,
287458797,
287444239,
287444055,
287441120,
287438410,
287438402,
287438391,
287437650,
287437601,
287435764,
287433297,
287431296,
287431098,
287430999,
287430975,
287424881,
287421012,
287420638,
287420439,
287419787,
287418468,
287415133,
287414618,
287413190,
287412009,
287407857,
287406471,
287401932,
287393553,
287392337,
287377999,
287347585,
287346063,
287310393,
287224133,
287223412,
287223316,
287216587,
287212390,
287212386,
287204239,
287202838,
287194348,
287192347,
287177259,
287174947,
287169294,
287168804,
287161464,
287161287,
287159656,
287155783,
287155645,
287151534,
287097495,
287092476,
287057983,
287042510,
287042340,
287008752,
286988102,
286954129,
286949308,
286943225,
286943079,
286936970,
286923041,
286922447,
286922127,
286921593,
286919771,
286905918,
286901290,
286898311,
286888715,
286879439,
286865832,
286865495,
286861220,
286854723,
286817332,
286817278,
286817277,
286817270,
286817256,
286817240,
286817236,
286817209,
286738756,
286737574,
286729547,
286716693,
286705943,
286704876,
286701869,
286696328,
286693494,
286685770,
286680853,
286680578,
286678985,
286677449,
286676895,
286676651,
286668473,
286663636,
286659644,
286653710,
286651807,
286651609,
286650130,
286649913,
286649472,
286649364,
286641764,
286641409,
286639157,
286635837,
286632801,
286630476,
286622028,
286621503,
286621072,
286619976,
286619955,
286606111,
286592237,
286578178,
286536768,
286531331,
286531307,
286531304,
286531303,
286531302,
286518234,
286518218,
286491948,
286483679,
286483314,
286483222,
286482290,
286482149,
286479019,
286477234,
286474541,
286466990,
286458285,
286456637,
286445988,
286437482,
286434225,
286434217,
286434216,
286434214,
286434201,
286434194,
286434183,
286434181,
286434179,
286434161,
286434156,
286434149,
286434147,
286434139,
286434132,
286434112,
286434110,
286433091,
286418457,
286410785,
286405984,
286394027,
286385635,
286378772,
286378411,
286376738,
286376555,
286374355,
286373403,
286371778,
286358995,
286343290,
286343042,
286338757,
286338755,
286324517,
286322824,
286320537,
286300191,
286296806,
286296755,
286290258,
286287395,
286218111,
286211860,
286204921,
286203677,
286195875,
286193461,
286192731,
286192411,
286189388,
286184635,
286170710,
286142936,
286140110,
286129769,
286129516,
286129294,
286125848,
286125461,
286124495,
286124213,
286095678,
286088277,
286087640,
286083932,
286083040,
286006959,
285981874,
285970849,
285964541,
285964539,
285961102,
285873964,
285864977,
285857385,
285855519,
285854653,
285854647,
285853035,
285839625,
285835787,
285833922,
285833913,
285830291,
285824473,
285815569,
285810423,
285807554,
285805745,
285805711,
285805710,
285805706,
285805705,
285805702,
285805694,
285797603,
285795877,
285794804,
285784010,
285782294,
285776686,
285775603,
285775503,
285775012,
285772749,
285769848,
285758730,
285749430,
285749032,
285747596,
285746250,
285744941,
285744702,
285739680,
285737103,
285737040,
285736903,
285720143,
285709909,
285707999,
285700202,
285683756,
285676571,
285651253,
285637914,
285637912,
285593451,
285593448,
285593430,
285593427,
285528673,
285508537,
285507845,
285504315,
285503656,
285495717,
285494392,
285493631,
285491954,
285491671,
285489511,
285483496,
285482932,
285480279,
285466928,
285465780,
285458299,
285449250,
285447733,
285446221,
285445149,
285437880,
285437876,
285423136,
285414026,
285412251,
285412236,
285411229,
285398298,
285397368,
285385832,
285385827,
285381171,
285370523,
285366091,
285356698,
285342823,
285270250,
285265500,
285265496,
285265491,
285264072,
285262363,
285260028,
285259001,
285258060,
285257998,
285257833,
285256181,
285251914,
285245799,
285245479,
285236319,
285234000,
285232913,
285215835,
285213716,
285213650,
285213453,
285212479,
285206827,
285206726,
285202074,
285197280,
285197253,
285197249,
285197238,
285197227,
285194739,
285190422,
285181488,
285181475,
285179356,
285173211,
285157061,
285154723,
285154404,
285150084,
285145622,
285130829,
285127256,
285114951,
285114207,
285109150,
285105166,
285102931,
285085901,
284994585,
284992525,
284981079,
284981074,
284980840,
284979684,
284973606,
284969557,
284965963,
284965962,
284965323,
284965322,
284964477,
284961147,
284958831,
284958304,
284958014,
284953722,
284952312,
284947704,
284946510,
284946084,
284934755,
284934017,
284927345,
284923353,
284920956,
284919263,
284919024,
284916610,
284916510,
284907071,
284906807,
284872199,
284864140,
284838008,
284835783,
284835781,
284813436,
284811404,
284749867,
284748825,
284735317,
284733327,
284732073,
284730129,
284715761,
284706316,
284706117,
284698081,
284697939,
284697234,
284695081,
284694512,
284682882,
284664124,
284651848,
284648839,
284631664,
284631654,
284631642,
284631629,
284631628,
284627332,
284621996,
284616425,
284603435,
284576250,
284576247,
284561478,
284491418,
284469277,
284467390,
284454063,
284451649,
284448522,
284427087,
284427048,
284427046,
284427038,
284427017,
284427015,
284427010,
284427007,
284425285,
284425280,
284418609,
284416930,
284416063,
284413914,
284410433,
284400885,
284384425,
284377082,
284373249,
284372465,
284372183,
284370851,
284370348,
284370145,
284369652,
284368848,
284368383,
284366871,
284362023,
284342412,
284328109,
284315937,
284304339,
284298934,
284250194,
284236191,
284235323,
284186942,
284185344,
284184605,
284179886,
284174159,
284168066,
284167274,
284165545,
284164809,
284162800,
284160602,
284156550,
284156547,
284133584,
284132945,
284121969,
284121967,
284120914,
284119471,
284119468,
284119466,
284118592,
284111721,
284111336,
284108634,
284106693,
284106400,
284104876,
284102561,
284102213,
284085229,
284079122,
284077570,
284072344,
284032946,
284020870,
284013339,
283997883,
283956508,
283953612,
283929918,
283856000,
283852548,
283848728,
283848599,
283848597,
283848587,
283848586,
283848568,
283840352,
283813826,
283810751,
283804599,
283800607,
283782160,
283773107,
283772459,
283769707,
283769212,
283767919,
283767488,
283765063,
283764540,
283763083,
283757274,
283736238,
283721529,
283715312,
283707016,
283665589,
283644409,
283601965,
283601962,
283601923,
283556761,
283543430,
283543424,
283534959,
283531235,
283531212,
283531181,
283506654,
283505974,
283505936,
283505928,
283505535,
283500516,
283500500,
283499367,
283498590,
283495355,
283485778,
283482134,
283482120,
283481398,
283470450,
283470145,
283470143,
283470139,
283470136,
283470126,
283470112,
283470101,
283467713,
283465882,
283463026,
283461563,
283458307,
283439013,
283429829,
283412704,
283412527,
283372415,
283372404,
283372396,
283314540,
283309115,
283303062,
283302767,
283302052,
283281397,
283278196,
283265221,
283260281,
283259993,
283237692,
283229793,
283218287,
283205733,
283204940,
283197910,
283195607,
283191630,
283189583,
283174071,
283146694,
283123445,
283122910,
283072480,
283056673,
283050770,
283047998,
283047692,
283045833,
283026503,
283025477,
283024275,
283023878,
283022644,
283022339,
283021251,
282988981,
282982521,
282960537,
282959910,
282950996,
282946954,
282934407,
282933949,
282933516,
282929777,
282924715,
282875639,
282848462,
282821274,
282820165,
282811150,
282808197,
282802648,
282802326,
282796941,
282795766,
282787530,
282787397,
282775432,
282772553,
282769093,
282768435,
282756273,
282745841,
282745598,
282742193,
282740809,
282739762,
282739529,
282739498,
282738785,
282736480,
282735481,
282729202,
282721440,
282721205,
282711581,
282700465,
282699089,
282695822,
282680480,
282679648,
282675780,
282631045,
282623598,
282600728,
282598010,
282570458,
282568992,
282557799,
282552001,
282548589,
282542702,
282540456,
282538514,
282535782,
282528868,
282526096,
282520988,
282519613,
282518735,
282518553,
282518453,
282518404,
282518078,
282517289,
282517092,
282517010,
282516952,
282502394,
282498603,
282497269,
282493059,
282489959,
282489950,
282489936,
282488885,
282488683,
282479644,
282479607,
282479519,
282479086,
282478207,
282452602,
282433075,
282426297,
282410629,
282400467,
282399313,
282396653,
282396651,
282390966,
282379948,
282366040,
282359984,
282359969,
282357969,
282353340,
282317664,
282301741,
282298491,
282285370,
282282589,
282278719,
282275749,
282275247,
282269615,
282269259,
282268446,
282252095,
282251795,
282249206,
282229854,
282227642,
282227640,
282220962,
282215994,
282210778,
282210728,
282210698,
282209348,
282205702,
282196735,
282189692,
282189061,
282188983,
282180128,
282152519,
282151739,
282140295,
282135972,
282132798,
282125722,
282122907,
282118715,
282111553,
282092624,
282092088,
282088066,
282033346,
281985290,
281982556,
281980749,
281978435,
281974549,
281973124,
281967904,
281967757,
281967453,
281967320,
281965974,
281965498,
281964066,
281956437,
281953423,
281946055,
281936779,
281936418,
281923668,
281918889,
281917016,
281917014,
281915947,
281913798,
281913611,
281913467,
281908564,
281895421,
281888949,
281888413,
281885565,
281879703,
281879406,
281877864,
281877495,
281876916,
281864072,
281862832,
281861253,
281859527,
281857747,
281813735,
281811686,
281771065,
281686783,
281676116,
281676083,
281676066,
281676060,
281675803,
281675784,
281669714,
281668789,
281665032,
281664110,
281664109,
281664108,
281660536,
281657603,
281653994,
281653934,
281653471,
281653426,
281652826,
281650681,
281643971,
281638835,
281638708,
281638642,
281637954,
281633001,
281632330,
281630759,
281625018,
281624858,
281623268,
281616056,
281613990,
281604413,
281601043,
281594779,
281565099,
281558061,
281555405,
281552853,
281549455,
281539822,
281536786,
281526284,
281526169,
281514650,
281505007,
281461681,
281459933,
281417034,
281415492,
281411357,
281411193,
281405722,
281392132,
281391795,
281389470,
281389076,
281388698,
281388668,
281388555,
281387724,
281386426,
281385908,
281385024,
281384994,
281384993,
281384989,
281384988,
281383080,
281382862,
281364619,
281364028,
281361745,
281358170,
281352176,
281352072,
281350987,
281350856,
281350672,
281341746,
281331404,
281330869,
281329112,
281327347,
281327336,
281321964,
281320957,
281320647,
281305749,
281305651,
281304774,
281298815,
281298209,
281298202,
281298200,
281298175,
281296446,
281296289,
281287663,
281280423,
281280348,
281280135,
281280007,
281267534,
281265122,
281262059,
281185583,
281183148,
281183015,
281182991,
281182908,
281176069,
281165778,
281164909,
281164886,
281161765,
281158859,
281157424,
281154510,
281154419,
281151638,
281151105,
281149436,
281148745,
281146721,
281145985,
281145914,
281145770,
281145501,
281139708,
281131949,
281130661,
281130095,
281126080,
281126075,
281126071,
281126069,
281125938,
281124167,
281118397,
281117353,
281115633,
281114927,
281114745,
281110945,
281110059,
281109302,
281108537,
281106753,
281102664,
281090657,
281088495,
281085681,
281084839,
281083403,
281080591,
281079765,
281079287,
281078931,
281075657,
281074128,
281068926,
281068646,
281067798,
281065991,
281062150,
281056677,
281054530,
281054528,
281051682,
281049229,
281049228,
281044246,
281014085,
281012347,
280953965,
280948045,
280941509,
280939948,
280939938,
280939935,
280937498,
280936687,
280932949,
280930032,
280923809,
280915881,
280915700,
280914731,
280914629,
280914304,
280914268,
280909260,
280897866,
280894815,
280894805,
280894773,
280894772,
280894770,
280891940,
280891939,
280891927,
280891334,
280890219,
280890175,
280890173,
280890170,
280890167,
280890159,
280879889,
280873206,
280865054,
280844823,
280842657,
280837439,
280836464,
280835469,
280834336,
280834156,
280832970,
280832456,
280830905,
280826131,
280818609,
280814048,
280785278,
280726980,
280702150,
280699720,
280698120,
280698119,
280665672,
280653526,
280651362,
280648879,
280645307,
280637883,
280633512,
280632707,
280631263,
280589672,
280565707,
280553992,
280552429,
280550817,
280488796,
280463813,
280463612,
280451600,
280449851,
280449305,
280449130,
280448793,
280445372,
280443885,
280443849,
280442445,
280437586,
280432291,
280427867,
280395768,
280385204,
280373442,
280350968,
280350411,
280349216,
280344786,
280329886,
280328302,
280324229,
280312329,
280303131,
280301252,
280301250,
280301227,
280288490,
280274959,
280268533,
280268513,
280267216,
280261800,
280250976,
280247523,
280168793,
280168693,
280168691,
280157855,
280152761,
280140887,
280139417,
280135246,
280130897,
280130896,
280130895,
280129826,
280129810,
280126798,
280124110,
280114786,
280111304,
280108526,
280104893,
280104039,
280098044,
280093109,
280090110,
280087737,
280087600,
280084661,
280082229,
280082177,
280081318,
280073706,
280072042,
280071562,
280071327,
280070844,
280069468,
280069199,
280069025,
280065784,
280064054,
280063674,
280063441,
280063099,
280062992,
280062717,
280062483,
280049644,
280048145,
280042152,
280041484,
280029652,
280028443,
280020849,
279993917,
279993291,
279992973,
279978688,
279975352,
279967408,
279965131,
279954248,
279881189,
279871469,
279871465,
279865984,
279865656,
279856830,
279849603,
279849154,
279849017,
279842901,
279842467,
279842329,
279842169,
279841585,
279835754,
279834904,
279832418,
279832405,
279826728,
279826151,
279819404,
279819190,
279819040,
279818331,
279815759,
279813219,
279810908,
279802795,
279798905,
279790602,
279783311,
279783200,
279777393,
279762247,
279753441,
279729226,
279729222,
279729218,
279644883,
279642151,
279641826,
279633608,
279631924,
279631922,
279630094,
279629169,
279626870,
279616354,
279612664,
279606046,
279602060,
279597195,
279596291,
279596216,
279595947,
279594968,
279593994,
279589105,
279583535,
279582841,
279581105,
279576753,
279575781,
279573795,
279567370,
279567249,
279564752,
279564336,
279563841,
279563630,
279563302,
279563248,
279563226,
279562952,
279562628,
279562525,
279562504,
279562255,
279561294,
279560678,
279560025,
279557080,
279557061,
279553366,
279553365,
279553326,
279553325,
279553306,
279553302,
279553301,
279538916,
279536132,
279534516,
279531591,
279524455,
279523332,
279523135,
279523055,
279521692,
279518027,
279507057,
279505922,
279497282,
279493586,
279493525,
279477085,
279449251,
279408474,
279387215,
279387136,
279381308,
279378591,
279373733,
279370221,
279363636,
279359997,
279355888,
279352971,
279349290,
279348903,
279348395,
279345195,
279339003,
279337927,
279334485,
279327031,
279326876,
279322806,
279322786,
279317565,
279317012,
279312710,
279309241,
279301815,
279301690,
279301036,
279299661,
279283832,
279282168,
279276190,
279272733,
279252255,
279251892,
279151008,
279148740,
279148715,
279141365,
279138195,
279135255,
279132229,
279126836,
279126469,
279125693,
279125252,
279118074,
279096659,
279094667,
279092443,
279091937,
279089275,
279086953,
279081930,
279080570,
279078384,
279077069,
279074524,
279074223,
279069100,
279069048,
279068488,
279062474,
279058889,
279058140,
279052597,
279050869,
279044816,
279042482,
279032495,
279029008,
279028732,
279028703,
279022734,
279010879,
279000540,
279000534,
278981499,
278981196,
278972405,
278952416,
278951325,
278951318,
278929736,
278929690,
278922544,
278905884,
278904140,
278904099,
278902489,
278899353,
278896547,
278896533,
278896496,
278896482,
278896474,
278886933,
278883091,
278882074,
278878172,
278870663,
278869823,
278865922,
278865725,
278863488,
278860477,
278860476,
278860462,
278860445,
278858410,
278858378,
278858347,
278858340,
278854959,
278847135,
278846465,
278838808,
278838193,
278837975,
278836629,
278836166,
278829500,
278826385,
278824645,
278822679,
278791423,
278789259,
278781418,
278774540,
278769324,
278768257,
278762054,
278732701,
278685519,
278673911,
278673753,
278666070,
278662725,
278660671,
278660565,
278657215,
278654385,
278649449,
278646181,
278634247,
278633339,
278633195,
278630236,
278624436,
278624399,
278624294,
278624276,
278624267,
278624256,
278624250,
278624236,
278622428,
278615580,
278609488,
278609481,
278600233,
278599588,
278592532,
278591274,
278590586,
278588744,
278581574,
278579968,
278578025,
278575270,
278568568,
278562970,
278562200,
278561610,
278554484,
278549889,
278543474,
278534563,
278532388,
278529200,
278526905,
278526376,
278526258,
278519729,
278511027,
278507618,
278505201,
278503973,
278495396,
278494198,
278492807,
278489994,
278483276,
278473629,
278458719,
278458387,
278456601,
278456527,
278456471,
278449273,
278446510,
278435505,
278434280,
278425551,
278413142,
278379204,
278333234,
278308367,
278299584,
278294577,
278289262,
278287482,
278287080,
278277294,
278271201,
278266888,
278256145,
278240248,
278226875,
278223166,
278222521,
278221788,
278217452,
278215970,
278212285,
278203043,
278185464,
278173716,
278160555,
278138100,
278121545,
278103461,
278079279,
278071840,
278058714,
278019059,
278015889,
277956798,
277956792,
277956791,
277949414,
277949204,
277940142,
277937635,
277936795,
277930205,
277913639,
277913632,
277901709,
277899082,
277887533,
277886873,
277885367,
277882084,
277869925,
277859636,
277859635,
277859634,
277858557,
277855096,
277847702,
277847029,
277846792,
277846566,
277846521,
277843713,
277842064,
277840610,
277836690,
277836467,
277827000,
277812639,
277809727,
277809491,
277809386,
277807312,
277806863,
277806797,
277771479,
277752545,
277749281,
277720961,
277640102,
277632996,
277626860,
277614421,
277605682,
277605317,
277605310,
277598835,
277598667,
277597960,
277597865,
277597651,
277597609,
277595688,
277588948,
277588909,
277577616,
277576962,
277575672,
277575190,
277551247,
277550304,
277544919,
277544751,
277543489,
277538112,
277529448,
277527524,
277525045,
277519857,
277518982,
277514988,
277511633,
277506383,
277501982,
277477366,
277468029,
277443809,
277437672,
277425203,
277425135,
277423986,
277421772,
277416566,
277416058,
277408381,
277401565,
277401220,
277383473,
277342180,
277292969,
277285605,
277285518,
277282851,
277282821,
277277426,
277275799,
277273472,
277266825,
277266768,
277266577,
277262381,
277261545,
277261535,
277259253,
277242156,
277241451,
277237280,
277235110,
277234376,
277234286,
277231601,
277231578,
277226892,
277224078,
277219132,
277216212,
277214974,
277211442,
277207389,
277204762,
277203807,
277199638,
277196786,
277195031,
277193947,
277193707,
277192720,
277192643,
277190450,
277188584,
277188311,
277186341,
277185729,
277174428,
277174086,
277173074,
277168426,
277160479,
277154004,
277153645,
277153621,
277153618,
277151944,
277129246,
277127185,
277117204,
277105008,
277102599,
277101931,
277101622,
277101341,
277100746,
277097046,
277093830,
277093391,
277092079,
277087968,
277086473,
277085670,
277078352,
277074191,
277073321,
277072023,
277061245,
277055194,
277055006,
277054978,
277054933,
277029962,
277023900,
276971001,
276949006,
276921744,
276920189,
276918698,
276915655,
276913067,
276907624,
276906444,
276901764,
276898112,
276897511,
276875940,
276875938,
276875929,
276875928,
276871661,
276870389,
276870381,
276869802,
276869798,
276864542,
276857234,
276850356,
276849076,
276845436,
276844188,
276841085,
276840116,
276839871,
276836880,
276836659,
276832157,
276832156,
276828333,
276821489,
276821256,
276815772,
276815765,
276815764,
276815763,
276815745,
276815742,
276815737,
276814964,
276813880,
276812512,
276811643,
276811637,
276811633,
276811628,
276811611,
276806022,
276805714,
276804892,
276804891,
276804890,
276804885,
276804875,
276804866,
276803735,
276801953,
276801273,
276800946,
276797423,
276794507,
276792613,
276789599,
276786178,
276783666,
276779056,
276775285,
276773816,
276766593,
276766317,
276760296,
276753910,
276750872,
276748554,
276722684,
276708836,
276706916,
276706026,
276675916,
276674271,
276673858,
276673576,
276659742,
276630802,
276628154,
276620403,
276591749,
276523659,
276513825,
276513824,
276513823,
276513819,
276513818,
276508951,
276508929,
276501611,
276444451,
276444435,
276441820,
276439324,
276439298,
276438193,
276435322,
276431431,
276426282,
276424021,
276410453,
276409194,
276390941,
276377135,
276374793,
276371890,
276369075,
276369063,
276368964,
276363141,
276362999,
276353494,
276351147,
276347830,
276347032,
276344079,
276338271,
276332256,
276326829,
276322175,
276319609,
276315630,
276296181,
276292352,
276291121,
276288878,
276284667,
276284584,
276284546,
276284529,
276284526,
276284523,
276283904,
276282030,
276280121,
276279005,
276277215,
276275721,
276275719,
276275551,
276270802,
276270787,
276266883,
276266447,
276265010,
276263625,
276262369,
276260981,
276253714,
276223314,
276223148,
276221223,
276220732,
276220041,
276219812,
276218040,
276215757,
276214701,
276212215,
276208415,
276193715,
276188595,
276178446,
276157035,
276151311,
276133671,
276130765,
276129271,
276120514,
276114684,
276111543,
276111517,
276104803,
276104697,
276098300,
276096007,
276094577,
276090840,
276090022,
276089102,
276081084,
276074388,
276073646,
276072289,
276070647,
276054120,
276047570,
276042561,
276024877,
276013885,
275994143,
275932095,
275919739,
275919726,
275919683,
275913780,
275896969,
275876390,
275874987,
275873649,
275843084,
275842046,
275822950,
275711437,
275677900,
275397084,
275394665,
275378843,
275376540,
275373705,
275370587,
275365892,
275340317,
275337103,
275332563,
275332512,
275325044,
275324904,
275323893,
275315564,
275306165,
275303239,
275302985,
275302832,
275302781,
275276910,
275261190,
275254733,
275254715,
275254316,
275252282,
275252275,
275252273,
275252192,
275252018,
275239424,
275239391,
275239388,
275239363,
275239354,
275239345,
275239339,
275239245,
275239103,
275227320,
275227314,
275227134,
275201357,
275181733,
275174004,
275171542,
275152428,
275135457,
275131940,
275131476,
275130459,
275128553,
275120738,
275119630,
275093486,
275093106,
275070530,
275047843,
275045252,
275030799,
275028926,
274962224,
274954136,
274916329,
274916269,
274890694,
274887710,
274885640,
274882240,
274823167,
274821044,
274806796,
274504048,
274504028,
274504010,
274503980,
274464324,
274436742,
274412664,
274406498,
274401805,
274398503,
274392859,
274383196,
274373030,
274372941,
274372937,
274372931,
274372900,
274372889,
274372853,
274372851,
274353876,
274343384,
274342219,
274334924,
274323084,
274311624,
274299686,
274283808,
274282692,
274282681,
274282680,
274276511,
274270593,
274270062,
274262027,
274257243,
274254012,
274252833,
274251207,
274250323,
274245796,
274244522,
274241365,
274237499,
274230563,
274230052,
274226752,
274226464,
274225469,
274218507,
274213993,
274211076,
274208060,
274207346,
274207287,
274206936,
274204438,
274202272,
274201761,
274199012,
274197012,
274186265,
274162381,
274158841,
274139352,
274138596,
274137748,
274137576,
274128469,
274121368,
274111180,
274066580,
274059066,
274047497,
274039181,
274026706,
274025902,
274017098,
274010987,
274009319,
274003036,
274001668,
273995519,
273989513,
273982213,
273975261,
273971485,
273952720,
273944960,
273924755,
273919487,
273917724,
273917229,
273912839,
273912811,
273912767,
273912741,
273912726,
273912722,
273908484,
273908135,
273888353,
273881704,
273875548,
273814165,
273807614,
273806435,
273660287,
273655931,
273628985,
273628967,
273627927,
273621992,
273616673,
273616568,
273608707,
273603280,
273600880,
273593217,
273592253,
273591575,
273591133,
273587299,
273579947,
273576540,
273546388,
273546385,
273546381,
273498907,
273498615,
273494067,
273488689,
273475879,
273469655,
273466213,
273451135,
273432325,
273410057,
273409604,
273407742,
273399882,
273399870,
273396966,
273396340,
273393564,
273392308,
273386776,
273367462,
273365334,
273358705,
273351043,
273333541,
273329393,
273326990,
273291005,
273282016,
273281362,
273279688,
273255991,
273253078,
273250550,
273249019,
273190702,
273149044,
273147150,
272994675,
272902278,
272893191,
272878145,
272873682,
272871521,
272862544,
272856977,
272841137,
272837625,
272828423,
272828174,
272825121,
272821807,
272803109,
272801941,
272795725,
272794466,
272793646,
272792587,
272791702,
272776249,
272774366,
272754702,
272751664,
272738563,
272698571,
272619127,
272617158,
272616991,
272616837,
272616692,
272616499,
272616364,
272616202,
272615831,
272615589,
272615129,
272614813,
272613612,
272613581,
272610321,
272609810,
272608645,
272608644,
272591463,
272590734,
272590368,
272588305,
272585839,
272585394,
272584960,
272583933,
272582315,
272580914,
272580649,
272571452,
272571160,
272566487,
272561523,
272560334,
272559480,
272559458,
272554580,
272554247,
272548960,
272546732,
272546674,
272543972,
272543250,
272535547,
272522339,
272522291,
272521569,
272512973,
272512861,
272511068,
272509643,
272509184,
272508779,
272506008,
272505581,
272502148,
272497773,
272487614,
272477637,
272474728,
272469561,
272466081,
272460651,
272439972,
272432972,
272413852,
272380302,
272380230,
272378178,
272375181,
272374567,
272374444,
272372268,
272369579,
272358539,
272354121,
272354120,
272347338,
272347310,
272341881,
272338163,
272337664,
272337317,
272335338,
272334734,
272334434,
272332882,
272330352,
272325153,
272322144,
272319627,
272319511,
272319488,
272319402,
272318246,
272318029,
272317993,
272317640,
272317127,
272316632,
272316518,
272314007,
272303774,
272303715,
272301197,
272298629,
272298612,
272298515,
272296856,
272292221,
272277762,
272260562,
272259871,
272259402,
272257959,
272233290,
272215997,
272161874,
272161872,
272150096,
272150049,
272137757,
272132363,
272131335,
272122384,
272122304,
272117989,
272114906,
272113295,
272110361,
272109661,
272106954,
272102295,
272101487,
272101175,
272100711,
272100469,
272100333,
272100019,
272098941,
272097036,
272095077,
272089744,
272088795,
272088500,
272088229,
272085292,
272084756,
272084671,
272084542,
272083244,
272081722,
272078891,
272070843,
272069311,
272068830,
272068202,
272067784,
272067783,
272067779,
272067778,
272067777,
272067430,
272066974,
272063389,
272059436,
272057171,
272051697,
272047761,
272043367,
272037477,
272018902,
272016933,
272005907,
271994350,
271987564,
271982593,
271975761,
271968454,
271908623,
271887145,
271882175,
271878607,
271875570,
271875201,
271875198,
271875195,
271875180,
271874740,
271863908,
271860748,
271860708,
271858115,
271858078,
271856796,
271856299,
271849310,
271842966,
271841801,
271840339,
271839672,
271838331,
271836862,
271833598,
271831697,
271831531,
271831030,
271830485,
271830336,
271827517,
271820408,
271808163,
271806213,
271805536,
271805454,
271804833,
271804606,
271804515,
271803710,
271803458,
271802694,
271798592,
271797746,
271791580,
271790115,
271785890,
271785626,
271784828,
271784717,
271782217,
271777184,
271777044,
271772878,
271772264,
271768211,
271764308,
271753550,
271742445,
271729599,
271729597,
271729594,
271729593,
271729587,
271702720,
271626318,
271611764,
271611293,
271611240,
271610208,
271609017,
271608996,
271603897,
271595342,
271592713,
271591644,
271579730,
271578694,
271574340,
271571876,
271568079,
271555558,
271555334,
271553426,
271553033,
271552091,
271547842,
271517941,
271514411,
271497256,
271496722,
271484416,
271483866,
271472478,
271389549,
271376020,
271375046,
271370931,
271362214,
271350688,
271350609,
271339796,
271336806,
271336600,
271335934,
271335027,
271333292,
271332143,
271329048,
